round,rmse,nrmse,Clients rmse,Clients nrmse
1,209.35120328493096,0.2012409025072362,"[208.52666861491352, 210.59699493689527, 208.9299463029841]","[0.20464758194195362, 0.19687916486155224, 0.20219596071820276]"
2,106.43682657006377,0.10228251380787895,"[104.20802941040752, 105.96172484702976, 109.14072545275401]","[0.10226951487513808, 0.10254649050516235, 0.10203153604333642]"
3,106.43676319869704,0.10228245066041239,"[105.96165291277177, 109.14080808269831, 104.20782860062099]","[0.1025464208894052, 0.10203161329094593, 0.10226931780088605]"
