round,rmse,nrmse,Clients rmse,Clients nrmse
1,704.3005563048033,0.6770625002134338,"[705.2406515433269, 703.7117560706145, 703.9492613004684]","[0.6593028098234369, 0.6810305420796405, 0.6908541487372242]"
2,172.84649036562377,0.1661129109004697,"[169.81873998232015, 172.40102247118386, 176.31970864336725]","[0.16665971185675815, 0.16684439442113427, 0.16483462642351665]"
3,172.84649318024512,0.1661129136109859,"[176.31971115815105, 169.8187431074835, 172.40102527510084]","[0.1648346287744929, 0.16665971492378612, 0.1668443971346787]"
