round,rmse,nrmse,Clients rmse,Clients nrmse
1,804.3655812006413,0.7732899295793701,"[804.189081296184, 803.2110556183961, 805.6966066873433]","[0.778269399715288, 0.7508916349214785, 0.7907087541013439]"
2,105.34923151383583,0.10118768281537222,"[100.25956401196292, 111.36087694100475, 104.42725358853983]","[0.09839450022334131, 0.10410707169380434, 0.10106147652897099]"
3,105.34923155739907,0.10118768285743049,"[100.25956406476865, 111.36087697207067, 104.42725363535783]","[0.09839450027516473, 0.1041070717228467, 0.10106147657428001]"
